"item_key","type","id","label","section","caption","optional","default_formats","input_state","state_hash","setup_summary","include","placement"
"figure:aspm-diagnostics","figure","aspm-diagnostics","ASPM diagnostics","ASPM","ASPM diagnostics for the 2026 bigeye tuna assessment. Lines compare the reference fitted model against the age-structured production model run with length- and weight-composition influence excluded.",TRUE,"png,pdf","","","",FALSE,"exclude"
"figure:catch-by-fishery-fits","figure","catch-by-fishery-fits","Catch observed and fitted by fishery","Catch","Catch observed and fitted by fishery for the 2026 bigeye tuna assessment. The figure uses the labels, colours, facets, and legends shown in the plot to identify scenarios, fisheries, regions, years, or diagnostics selected in mfclshiny. It is generated from the Catch view.",FALSE,"png,pdf","","","",TRUE,"auto"
"figure:catch-by-fishery-residuals","figure","catch-by-fishery-residuals","Catch residuals by fishery","Catch","Catch residuals by fishery for the 2026 bigeye tuna assessment. The figure uses the labels, colours, facets, and legends shown in the plot to identify scenarios, fisheries, regions, years, or diagnostics selected in mfclshiny. It is generated from the Catch view.",FALSE,"png,pdf","","","",TRUE,"auto"
"figure:total-catch-fits","figure","total-catch-fits","Total catch observed and fitted","Catch","Total catch observed and fitted for the 2026 bigeye tuna assessment. The figure uses the labels, colours, facets, and legends shown in the plot to identify scenarios, fisheries, regions, years, or diagnostics selected in mfclshiny. It is generated from the Catch view.",FALSE,"png,pdf","","","",TRUE,"auto"
"figure:total-catch-residuals","figure","total-catch-residuals","Total catch residuals","Catch","Total catch residuals for the 2026 bigeye tuna assessment. The figure uses the labels, colours, facets, and legends shown in the plot to identify scenarios, fisheries, regions, years, or diagnostics selected in mfclshiny. It is generated from the Catch view.",FALSE,"png,pdf","","","",TRUE,"auto"
"figure:cpue-fits","figure","cpue-fits","CPUE observed and fitted","CPUE","Observed and fitted CPUE for the 2026 bigeye tuna assessment. Points show observed index values and fitted lines show model predictions; facets and legends identify selected fisheries, CPUE series, and assessment models.",FALSE,"png,pdf","","","",TRUE,"auto"
"figure:cpue-regional-share","figure","cpue-regional-share","CPUE regional share","CPUE","Regional CPUE share compared with regional biomass share for the 2026 bigeye tuna assessment. Bars compare the regional distribution of the selected CPUE series and CPUE scaling target with the selected biomass basis, highlighting scale or spatial consistency across regions.",FALSE,"png,pdf","","","",TRUE,"auto"
"figure:cpue-residuals","figure","cpue-residuals","CPUE residuals","CPUE","CPUE residuals for the 2026 bigeye tuna assessment. Values show observed minus fitted CPUE for selected index fisheries; facets and colours, line styles, or legends identify assessment models and CPUE series.",FALSE,"png,pdf","","","",TRUE,"auto"
"figure:fishery-process","figure","fishery-process","Fishery selectivity at age","Fishery Process Dynamics","Age-based fishery selectivity for the 2026 bigeye tuna assessment. Curves show estimated selectivity by age class for selected fisheries; facets and legends identify fisheries and assessment models.",FALSE,"png,pdf","","","",TRUE,"auto"
"figure:fishery-selectivity-length","figure","fishery-selectivity-length","Fishery selectivity at length","Fishery Process Dynamics","Length-based fishery selectivity for the 2026 bigeye tuna assessment. Curves show estimated selectivity by length for selected fisheries; facets and legends identify fisheries and assessment models.",FALSE,"png,pdf","","","",TRUE,"auto"
"figure:fishery-selectivity-weight","figure","fishery-selectivity-weight","Fishery selectivity at weight","Fishery Process Dynamics","Weight-based fishery selectivity for the 2026 bigeye tuna assessment. Curves show estimated selectivity by weight for selected fisheries; facets and legends identify fisheries and assessment models.",FALSE,"png,pdf","","","",TRUE,"auto"
"figure:regional-movement","figure","regional-movement","Regional movement","Fishery Process Dynamics","Estimated quarterly regional movement for the 2026 bigeye tuna assessment. Matrix cells show movement probabilities from origin to destination regions; facets identify quarters or assessment models where available.",FALSE,"png,pdf","","","",TRUE,"auto"
"figure:jitter-derived-quantities","figure","jitter-derived-quantities","Jitter derived quantities","Jitter","Jitter derived-quantity diagnostics for the 2026 bigeye tuna assessment. Lines or panels summarize variation in selected derived quantities across jitter runs.",TRUE,"png,pdf","","","",FALSE,"exclude"
"figure:jitter-diagnostics","figure","jitter-diagnostics","Jitter diagnostics","Jitter","Jitter convergence diagnostics for the 2026 bigeye tuna assessment. Points and reference lines summarize objective-function values, gradients, and convergence status across jitter runs.",TRUE,"png,pdf","","","",FALSE,"exclude"
"figure:jitter-parameters","figure","jitter-parameters","Jitter parameters","Jitter","Jitter parameter diagnostics for the 2026 bigeye tuna assessment. The figure compares selected input or final parameter values across jitter runs to identify instability or alternative optima.",TRUE,"png,pdf","","","",FALSE,"exclude"
"figure:f-area-contribution","figure","f-area-contribution","Area contribution to fishing mortality","Key Quantities","Regional contribution to total annual instantaneous fishing mortality for the 2026 bigeye tuna assessment. Stacked or faceted values show how each model area contributes to total F through time for the selected assessment models.",FALSE,"png,pdf","","","",TRUE,"auto"
"figure:depletion-by-area","figure","depletion-by-area","Depletion by area","Key Quantities","Dynamic spawning depletion by model region for the 2026 bigeye tuna assessment. Panels or line groups identify model areas, and colours identify selected assessment models so regional depletion patterns can be compared through time.",FALSE,"png,pdf","","","",TRUE,"auto"
"figure:f-juvenile-adult-by-area","figure","f-juvenile-adult-by-area","Juvenile and adult fishing mortality by area","Key Quantities","Juvenile and adult annual instantaneous fishing mortality by model region for the 2026 bigeye tuna assessment. Panels or line groups separate juvenile and adult components and identify regional differences through time.",FALSE,"png,pdf","","","",TRUE,"auto"
"figure:key-quantities","figure","key-quantities","Key quantities","Key Quantities","Key derived quantities for the 2026 bigeye tuna assessment. Panels show dynamic spawning depletion (SB/SB[F=0]), recruitment, spawning potential, and annual instantaneous fishing mortality through time. Lines identify the selected assessment models; colours or line styles distinguish models when multiple scenarios are plotted. The depletion panel includes dashed reference lines at 0.2 and 0.5.",FALSE,"png,pdf","","","",TRUE,"auto"
"figure:kobe-plot","figure","kobe-plot","Kobe plot","Key Quantities","Kobe stock-status trajectory for the 2026 bigeye tuna assessment. Points and connecting paths show the trajectory through time relative to biomass and fishing-intensity reference axes; colours identify selected assessment models.",FALSE,"png,pdf","","","",TRUE,"auto"
"figure:majuro-plot","figure","majuro-plot","Majuro plot","Key Quantities","Majuro stock-status trajectory for the 2026 bigeye tuna assessment. Points and connecting paths show depletion and fishing intensity through time; colours identify selected assessment models and reference zones aid stock-status interpretation.",FALSE,"png,pdf","","","",TRUE,"auto"
"figure:recruitment-by-area","figure","recruitment-by-area","Recruitment by area","Key Quantities","Estimated annual recruitment by model region for the 2026 bigeye tuna assessment. Panels or line groups identify model areas, and colours identify selected assessment models so spatial recruitment patterns can be compared through time.",FALSE,"png,pdf","","","",TRUE,"auto"
"figure:spawning-potential-with-without-fishing","figure","spawning-potential-with-without-fishing","Spawning potential with and without fishing","Key Quantities","Spawning potential with and without fishing for the 2026 bigeye tuna assessment. Lines compare estimated fishing conditions with no-fishing reference conditions through time for the selected assessment models.",FALSE,"png,pdf","","","",TRUE,"auto"
"figure:total-biomass-with-without-fishing","figure","total-biomass-with-without-fishing","Total biomass with and without fishing","Key Quantities","Total biomass with and without fishing for the 2026 bigeye tuna assessment. Lines compare estimated fishing conditions with no-fishing reference conditions through time for the selected assessment models.",FALSE,"png,pdf","","","",TRUE,"auto"
"figure:length-frequency","figure","length-frequency","Length-frequency fits","Length Frequency","Observed and fitted length-frequency samples for the 2026 bigeye tuna assessment. Bars show observed sample counts and fitted overlays show model predictions; panels identify selected fisheries and years, and colours, line styles, or legends identify assessment models.",FALSE,"png,pdf","","","",TRUE,"auto"
"figure:length-frequency-fishery-1-01-ll-west-1","figure","length-frequency-fishery-1-01-ll-west-1","Length-frequency fits: 01.LL.WEST.1","Length Frequency","Observed and fitted length-frequency samples for 01.LL.WEST.1 in the 2026 bigeye tuna assessment. Bars show observed sample counts by length bin and fitted lines show model predictions; panels identify selected years and colours, line styles, or legends identify assessment models.",TRUE,"png,pdf","","","",FALSE,"exclude"
"figure:length-frequency-fishery-2-02-ll-east-1","figure","length-frequency-fishery-2-02-ll-east-1","Length-frequency fits: 02.LL.EAST.1","Length Frequency","Observed and fitted length-frequency samples for 02.LL.EAST.1 in the 2026 bigeye tuna assessment. Bars show observed sample counts by length bin and fitted lines show model predictions; panels identify selected years and colours, line styles, or legends identify assessment models.",TRUE,"png,pdf","","","",FALSE,"exclude"
"figure:length-frequency-fishery-3-03-ll-us-1","figure","length-frequency-fishery-3-03-ll-us-1","Length-frequency fits: 03.LL.US.1","Length Frequency","Observed and fitted length-frequency samples for 03.LL.US.1 in the 2026 bigeye tuna assessment. Bars show observed sample counts by length bin and fitted lines show model predictions; panels identify selected years and colours, line styles, or legends identify assessment models.",TRUE,"png,pdf","","","",FALSE,"exclude"
"figure:length-frequency-fishery-4-04-ll-all-2","figure","length-frequency-fishery-4-04-ll-all-2","Length-frequency fits: 04.LL.ALL.2","Length Frequency","Observed and fitted length-frequency samples for 04.LL.ALL.2 in the 2026 bigeye tuna assessment. Bars show observed sample counts by length bin and fitted lines show model predictions; panels identify selected years and colours, line styles, or legends identify assessment models.",TRUE,"png,pdf","","","",FALSE,"exclude"
"figure:length-frequency-fishery-5-05-ll-os-2","figure","length-frequency-fishery-5-05-ll-os-2","Length-frequency fits: 05.LL.OS.2","Length Frequency","Observed and fitted length-frequency samples for 05.LL.OS.2 in the 2026 bigeye tuna assessment. Bars show observed sample counts by length bin and fitted lines show model predictions; panels identify selected years and colours, line styles, or legends identify assessment models.",TRUE,"png,pdf","","","",FALSE,"exclude"
"figure:length-frequency-fishery-6-06-ll-arch-3","figure","length-frequency-fishery-6-06-ll-arch-3","Length-frequency fits: 06.LL.ARCH.3","Length Frequency","Observed and fitted length-frequency samples for 06.LL.ARCH.3 in the 2026 bigeye tuna assessment. Bars show observed sample counts by length bin and fitted lines show model predictions; panels identify selected years and colours, line styles, or legends identify assessment models.",TRUE,"png,pdf","","","",FALSE,"exclude"
"figure:length-frequency-fishery-7-07-ll-west-3","figure","length-frequency-fishery-7-07-ll-west-3","Length-frequency fits: 07.LL.WEST.3","Length Frequency","Observed and fitted length-frequency samples for 07.LL.WEST.3 in the 2026 bigeye tuna assessment. Bars show observed sample counts by length bin and fitted lines show model predictions; panels identify selected years and colours, line styles, or legends identify assessment models.",TRUE,"png,pdf","","","",FALSE,"exclude"
"figure:length-frequency-fishery-8-08-ll-east-3","figure","length-frequency-fishery-8-08-ll-east-3","Length-frequency fits: 08.LL.EAST.3","Length Frequency","Observed and fitted length-frequency samples for 08.LL.EAST.3 in the 2026 bigeye tuna assessment. Bars show observed sample counts by length bin and fitted lines show model predictions; panels identify selected years and colours, line styles, or legends identify assessment models.",TRUE,"png,pdf","","","",FALSE,"exclude"
"figure:length-frequency-fishery-9-09-ll-os-3","figure","length-frequency-fishery-9-09-ll-os-3","Length-frequency fits: 09.LL.OS.3","Length Frequency","Observed and fitted length-frequency samples for 09.LL.OS.3 in the 2026 bigeye tuna assessment. Bars show observed sample counts by length bin and fitted lines show model predictions; panels identify selected years and colours, line styles, or legends identify assessment models.",TRUE,"png,pdf","","","",FALSE,"exclude"
"figure:length-frequency-fishery-10-10-ll-all-5","figure","length-frequency-fishery-10-10-ll-all-5","Length-frequency fits: 10.LL.ALL.5","Length Frequency","Observed and fitted length-frequency samples for 10.LL.ALL.5 in the 2026 bigeye tuna assessment. Bars show observed sample counts by length bin and fitted lines show model predictions; panels identify selected years and colours, line styles, or legends identify assessment models.",TRUE,"png,pdf","","","",FALSE,"exclude"
"figure:length-frequency-fishery-11-11-ll-au-5","figure","length-frequency-fishery-11-11-ll-au-5","Length-frequency fits: 11.LL.AU.5","Length Frequency","Observed and fitted length-frequency samples for 11.LL.AU.5 in the 2026 bigeye tuna assessment. Bars show observed sample counts by length bin and fitted lines show model predictions; panels identify selected years and colours, line styles, or legends identify assessment models.",TRUE,"png,pdf","","","",FALSE,"exclude"
"figure:length-frequency-fishery-12-12-ps-jp-1","figure","length-frequency-fishery-12-12-ps-jp-1","Length-frequency fits: 12.PS.JP.1","Length Frequency","Observed and fitted length-frequency samples for 12.PS.JP.1 in the 2026 bigeye tuna assessment. Bars show observed sample counts by length bin and fitted lines show model predictions; panels identify selected years and colours, line styles, or legends identify assessment models.",TRUE,"png,pdf","","","",FALSE,"exclude"
"figure:length-frequency-fishery-13-13-pl-jp-1","figure","length-frequency-fishery-13-13-pl-jp-1","Length-frequency fits: 13.PL.JP.1","Length Frequency","Observed and fitted length-frequency samples for 13.PL.JP.1 in the 2026 bigeye tuna assessment. Bars show observed sample counts by length bin and fitted lines show model predictions; panels identify selected years and colours, line styles, or legends identify assessment models.",TRUE,"png,pdf","","","",FALSE,"exclude"
"figure:length-frequency-fishery-14-14-hl-id-2","figure","length-frequency-fishery-14-14-hl-id-2","Length-frequency fits: 14.HL.ID.2","Length Frequency","Observed and fitted length-frequency samples for 14.HL.ID.2 in the 2026 bigeye tuna assessment. Bars show observed sample counts by length bin and fitted lines show model predictions; panels identify selected years and colours, line styles, or legends identify assessment models.",TRUE,"png,pdf","","","",FALSE,"exclude"
"figure:length-frequency-fishery-15-15-hl-ph-2","figure","length-frequency-fishery-15-15-hl-ph-2","Length-frequency fits: 15.HL.PH.2","Length Frequency","Observed and fitted length-frequency samples for 15.HL.PH.2 in the 2026 bigeye tuna assessment. Bars show observed sample counts by length bin and fitted lines show model predictions; panels identify selected years and colours, line styles, or legends identify assessment models.",TRUE,"png,pdf","","","",FALSE,"exclude"
"figure:length-frequency-fishery-16-16-pl-all-2","figure","length-frequency-fishery-16-16-pl-all-2","Length-frequency fits: 16.PL.ALL.2","Length Frequency","Observed and fitted length-frequency samples for 16.PL.ALL.2 in the 2026 bigeye tuna assessment. Bars show observed sample counts by length bin and fitted lines show model predictions; panels identify selected years and colours, line styles, or legends identify assessment models.",TRUE,"png,pdf","","","",FALSE,"exclude"
"figure:length-frequency-fishery-17-17-ps-id-2","figure","length-frequency-fishery-17-17-ps-id-2","Length-frequency fits: 17.PS.ID.2","Length Frequency","Observed and fitted length-frequency samples for 17.PS.ID.2 in the 2026 bigeye tuna assessment. Bars show observed sample counts by length bin and fitted lines show model predictions; panels identify selected years and colours, line styles, or legends identify assessment models.",TRUE,"png,pdf","","","",FALSE,"exclude"
"figure:length-frequency-fishery-18-18-ps-ph-2","figure","length-frequency-fishery-18-18-ps-ph-2","Length-frequency fits: 18.PS.PH.2","Length Frequency","Observed and fitted length-frequency samples for 18.PS.PH.2 in the 2026 bigeye tuna assessment. Bars show observed sample counts by length bin and fitted lines show model predictions; panels identify selected years and colours, line styles, or legends identify assessment models.",TRUE,"png,pdf","","","",FALSE,"exclude"
"figure:length-frequency-residuals","figure","length-frequency-residuals","Length-frequency residuals","Length Frequency","Length-frequency bubble residuals for the 2026 bigeye tuna assessment. Bubble size and sign show observed-minus-fitted residual structure by length bin, fishery, and year for the selected assessment models.",FALSE,"png,pdf","","","",TRUE,"auto"
"figure:length-frequency-residuals-fishery-1-01-ll-west-1","figure","length-frequency-residuals-fishery-1-01-ll-west-1","Length-frequency residuals: 01.LL.WEST.1","Length Frequency","Length-frequency bubble residuals for 01.LL.WEST.1 in the 2026 bigeye tuna assessment. Bubble size and sign show observed-minus-fitted residual structure by length bin; panels identify selected years and colours, line styles, or legends identify assessment models.",TRUE,"png,pdf","","","",FALSE,"exclude"
"figure:length-frequency-residuals-fishery-2-02-ll-east-1","figure","length-frequency-residuals-fishery-2-02-ll-east-1","Length-frequency residuals: 02.LL.EAST.1","Length Frequency","Length-frequency bubble residuals for 02.LL.EAST.1 in the 2026 bigeye tuna assessment. Bubble size and sign show observed-minus-fitted residual structure by length bin; panels identify selected years and colours, line styles, or legends identify assessment models.",TRUE,"png,pdf","","","",FALSE,"exclude"
"figure:length-frequency-residuals-fishery-3-03-ll-us-1","figure","length-frequency-residuals-fishery-3-03-ll-us-1","Length-frequency residuals: 03.LL.US.1","Length Frequency","Length-frequency bubble residuals for 03.LL.US.1 in the 2026 bigeye tuna assessment. Bubble size and sign show observed-minus-fitted residual structure by length bin; panels identify selected years and colours, line styles, or legends identify assessment models.",TRUE,"png,pdf","","","",FALSE,"exclude"
"figure:length-frequency-residuals-fishery-4-04-ll-all-2","figure","length-frequency-residuals-fishery-4-04-ll-all-2","Length-frequency residuals: 04.LL.ALL.2","Length Frequency","Length-frequency bubble residuals for 04.LL.ALL.2 in the 2026 bigeye tuna assessment. Bubble size and sign show observed-minus-fitted residual structure by length bin; panels identify selected years and colours, line styles, or legends identify assessment models.",TRUE,"png,pdf","","","",FALSE,"exclude"
"figure:length-frequency-residuals-fishery-5-05-ll-os-2","figure","length-frequency-residuals-fishery-5-05-ll-os-2","Length-frequency residuals: 05.LL.OS.2","Length Frequency","Length-frequency bubble residuals for 05.LL.OS.2 in the 2026 bigeye tuna assessment. Bubble size and sign show observed-minus-fitted residual structure by length bin; panels identify selected years and colours, line styles, or legends identify assessment models.",TRUE,"png,pdf","","","",FALSE,"exclude"
"figure:length-frequency-residuals-fishery-6-06-ll-arch-3","figure","length-frequency-residuals-fishery-6-06-ll-arch-3","Length-frequency residuals: 06.LL.ARCH.3","Length Frequency","Length-frequency bubble residuals for 06.LL.ARCH.3 in the 2026 bigeye tuna assessment. Bubble size and sign show observed-minus-fitted residual structure by length bin; panels identify selected years and colours, line styles, or legends identify assessment models.",TRUE,"png,pdf","","","",FALSE,"exclude"
"figure:length-frequency-residuals-fishery-7-07-ll-west-3","figure","length-frequency-residuals-fishery-7-07-ll-west-3","Length-frequency residuals: 07.LL.WEST.3","Length Frequency","Length-frequency bubble residuals for 07.LL.WEST.3 in the 2026 bigeye tuna assessment. Bubble size and sign show observed-minus-fitted residual structure by length bin; panels identify selected years and colours, line styles, or legends identify assessment models.",TRUE,"png,pdf","","","",FALSE,"exclude"
"figure:length-frequency-residuals-fishery-8-08-ll-east-3","figure","length-frequency-residuals-fishery-8-08-ll-east-3","Length-frequency residuals: 08.LL.EAST.3","Length Frequency","Length-frequency bubble residuals for 08.LL.EAST.3 in the 2026 bigeye tuna assessment. Bubble size and sign show observed-minus-fitted residual structure by length bin; panels identify selected years and colours, line styles, or legends identify assessment models.",TRUE,"png,pdf","","","",FALSE,"exclude"
"figure:length-frequency-residuals-fishery-9-09-ll-os-3","figure","length-frequency-residuals-fishery-9-09-ll-os-3","Length-frequency residuals: 09.LL.OS.3","Length Frequency","Length-frequency bubble residuals for 09.LL.OS.3 in the 2026 bigeye tuna assessment. Bubble size and sign show observed-minus-fitted residual structure by length bin; panels identify selected years and colours, line styles, or legends identify assessment models.",TRUE,"png,pdf","","","",FALSE,"exclude"
"figure:length-frequency-residuals-fishery-10-10-ll-all-5","figure","length-frequency-residuals-fishery-10-10-ll-all-5","Length-frequency residuals: 10.LL.ALL.5","Length Frequency","Length-frequency bubble residuals for 10.LL.ALL.5 in the 2026 bigeye tuna assessment. Bubble size and sign show observed-minus-fitted residual structure by length bin; panels identify selected years and colours, line styles, or legends identify assessment models.",TRUE,"png,pdf","","","",FALSE,"exclude"
"figure:length-frequency-residuals-fishery-11-11-ll-au-5","figure","length-frequency-residuals-fishery-11-11-ll-au-5","Length-frequency residuals: 11.LL.AU.5","Length Frequency","Length-frequency bubble residuals for 11.LL.AU.5 in the 2026 bigeye tuna assessment. Bubble size and sign show observed-minus-fitted residual structure by length bin; panels identify selected years and colours, line styles, or legends identify assessment models.",TRUE,"png,pdf","","","",FALSE,"exclude"
"figure:length-frequency-residuals-fishery-12-12-ps-jp-1","figure","length-frequency-residuals-fishery-12-12-ps-jp-1","Length-frequency residuals: 12.PS.JP.1","Length Frequency","Length-frequency bubble residuals for 12.PS.JP.1 in the 2026 bigeye tuna assessment. Bubble size and sign show observed-minus-fitted residual structure by length bin; panels identify selected years and colours, line styles, or legends identify assessment models.",TRUE,"png,pdf","","","",FALSE,"exclude"
"figure:length-frequency-residuals-fishery-13-13-pl-jp-1","figure","length-frequency-residuals-fishery-13-13-pl-jp-1","Length-frequency residuals: 13.PL.JP.1","Length Frequency","Length-frequency bubble residuals for 13.PL.JP.1 in the 2026 bigeye tuna assessment. Bubble size and sign show observed-minus-fitted residual structure by length bin; panels identify selected years and colours, line styles, or legends identify assessment models.",TRUE,"png,pdf","","","",FALSE,"exclude"
"figure:length-frequency-residuals-fishery-14-14-hl-id-2","figure","length-frequency-residuals-fishery-14-14-hl-id-2","Length-frequency residuals: 14.HL.ID.2","Length Frequency","Length-frequency bubble residuals for 14.HL.ID.2 in the 2026 bigeye tuna assessment. Bubble size and sign show observed-minus-fitted residual structure by length bin; panels identify selected years and colours, line styles, or legends identify assessment models.",TRUE,"png,pdf","","","",FALSE,"exclude"
"figure:length-frequency-residuals-fishery-15-15-hl-ph-2","figure","length-frequency-residuals-fishery-15-15-hl-ph-2","Length-frequency residuals: 15.HL.PH.2","Length Frequency","Length-frequency bubble residuals for 15.HL.PH.2 in the 2026 bigeye tuna assessment. Bubble size and sign show observed-minus-fitted residual structure by length bin; panels identify selected years and colours, line styles, or legends identify assessment models.",TRUE,"png,pdf","","","",FALSE,"exclude"
"figure:length-frequency-residuals-fishery-16-16-pl-all-2","figure","length-frequency-residuals-fishery-16-16-pl-all-2","Length-frequency residuals: 16.PL.ALL.2","Length Frequency","Length-frequency bubble residuals for 16.PL.ALL.2 in the 2026 bigeye tuna assessment. Bubble size and sign show observed-minus-fitted residual structure by length bin; panels identify selected years and colours, line styles, or legends identify assessment models.",TRUE,"png,pdf","","","",FALSE,"exclude"
"figure:length-frequency-residuals-fishery-17-17-ps-id-2","figure","length-frequency-residuals-fishery-17-17-ps-id-2","Length-frequency residuals: 17.PS.ID.2","Length Frequency","Length-frequency bubble residuals for 17.PS.ID.2 in the 2026 bigeye tuna assessment. Bubble size and sign show observed-minus-fitted residual structure by length bin; panels identify selected years and colours, line styles, or legends identify assessment models.",TRUE,"png,pdf","","","",FALSE,"exclude"
"figure:length-frequency-residuals-fishery-18-18-ps-ph-2","figure","length-frequency-residuals-fishery-18-18-ps-ph-2","Length-frequency residuals: 18.PS.PH.2","Length Frequency","Length-frequency bubble residuals for 18.PS.PH.2 in the 2026 bigeye tuna assessment. Bubble size and sign show observed-minus-fitted residual structure by length bin; panels identify selected years and colours, line styles, or legends identify assessment models.",TRUE,"png,pdf","","","",FALSE,"exclude"
"figure:ai-ml-rule-finder","figure","ai-ml-rule-finder","AI/ML rule finder","Likelihood Profile","Rule-finder diagnostic for the 2026 bigeye tuna assessment. The plot summarizes model-change rules identified from the mfclshiny diagnostic data and highlights rules associated with conflict reduction.",FALSE,"png,pdf","","","",TRUE,"auto"
"figure:likelihood-cal-fishery","figure","likelihood-cal-fishery","CAL likelihood by fishery","Likelihood Profile","Conditional-age-at-length likelihood profiles by fishery for the 2026 bigeye tuna assessment. Lines or panels identify fisheries and selected assessment models.",TRUE,"png,pdf","","","",FALSE,"exclude"
"figure:likelihood-cal-year","figure","likelihood-cal-year","CAL likelihood by year","Likelihood Profile","Conditional-age-at-length likelihood profiles by year for the 2026 bigeye tuna assessment. Lines or panels identify years and selected assessment models.",TRUE,"png,pdf","","","",FALSE,"exclude"
"figure:change-yes-no-effect","figure","change-yes-no-effect","Change yes/no effect","Likelihood Profile","Change-token yes/no effect diagnostic for the 2026 bigeye tuna assessment. The plot summarizes whether the presence or absence of each model-change token is associated with higher or lower diagnostic conflict.",FALSE,"png,pdf","","","",TRUE,"auto"
"figure:conflict-classification-tree","figure","conflict-classification-tree","Conflict classification tree","Likelihood Profile","Classification-tree summary of conflict diagnostics for the 2026 bigeye tuna assessment. Node labels summarize the split rules and the predicted low- or high-conflict class.",FALSE,"png,pdf","","","",TRUE,"auto"
"figure:likelihood-cpue","figure","likelihood-cpue","CPUE likelihood","Likelihood Profile","CPUE likelihood profiles for the 2026 bigeye tuna assessment. Lines or panels identify CPUE index fisheries and selected assessment models, showing which index components contribute most to likelihood differences.",TRUE,"png,pdf","","","",FALSE,"exclude"
"figure:iwcbi-continuous-regression-tree","figure","iwcbi-continuous-regression-tree","IWCBI continuous regression tree","Likelihood Profile","Regression-tree summary of continuous IWCBI conflict diagnostics for the 2026 bigeye tuna assessment. Node labels summarize the split rules and mean conflict score for models reaching each node.",FALSE,"png,pdf","","","",TRUE,"auto"
"figure:likelihood-length-frequency","figure","likelihood-length-frequency","Length-frequency likelihood","Likelihood Profile","Length-frequency likelihood profiles for the 2026 bigeye tuna assessment. Lines or panels identify length-frequency components by fishery or region and selected assessment models.",TRUE,"png,pdf","","","",FALSE,"exclude"
"figure:likelihood-diagnostics","figure","likelihood-diagnostics","Likelihood components","Likelihood Profile","Likelihood component profiles for the 2026 bigeye tuna assessment. Lines show changes in negative log-likelihood components across selected models or profile values; legends identify likelihood components and assessment models.",FALSE,"png,pdf","","","",TRUE,"auto"
"figure:likelihood-diagnostics-with-influence","figure","likelihood-diagnostics-with-influence","Likelihood components with influence","Likelihood Profile","Likelihood component profiles with influence diagnostics for the 2026 bigeye tuna assessment. The figure combines likelihood profiles with an influence panel to show which components drive changes among selected assessment models.",TRUE,"png,pdf","","","",FALSE,"exclude"
"figure:line-conflict-resolution","figure","line-conflict-resolution","Line conflict resolution","Likelihood Profile","Line-level conflict-resolution diagnostic for the 2026 bigeye tuna assessment. Labels and colours identify likelihood or diagnostic lines where model changes reduce or increase conflict.",FALSE,"png,pdf","","","",TRUE,"auto"
"figure:pairwise-conflict-resolution","figure","pairwise-conflict-resolution","Pairwise conflict resolution","Likelihood Profile","Pairwise conflict-resolution diagnostic for the 2026 bigeye tuna assessment. The plot compares pairs of model changes to show which combinations are associated with lower diagnostic conflict.",FALSE,"png,pdf","","","",TRUE,"auto"
"figure:rf-style-token-importance","figure","rf-style-token-importance","RF-style token importance","Likelihood Profile","Random-forest-style token importance diagnostic for the 2026 bigeye tuna assessment. Bars rank model-change tokens by their relative contribution to explaining diagnostic conflict patterns.",FALSE,"png,pdf","","","",TRUE,"auto"
"figure:likelihood-tagging","figure","likelihood-tagging","Tagging likelihood","Likelihood Profile","Tagging likelihood profiles for the 2026 bigeye tuna assessment. Lines or panels identify selected tagging components and assessment models.",TRUE,"png,pdf","","","",FALSE,"exclude"
"figure:likelihood-weight-frequency","figure","likelihood-weight-frequency","Weight-frequency likelihood","Likelihood Profile","Weight-frequency likelihood profiles for the 2026 bigeye tuna assessment. Lines or panels identify weight-frequency components by fishery or region and selected assessment models.",TRUE,"png,pdf","","","",FALSE,"exclude"
"figure:growth-curve","figure","growth-curve","Growth curve","Population Biology","Growth curve for the 2026 bigeye tuna assessment. Lines show predicted mean length at age, and any shaded band indicates the configured growth uncertainty interval for selected assessment models.",FALSE,"png,pdf","","","",TRUE,"auto"
"figure:maturity-at-age","figure","maturity-at-age","Maturity at age","Population Biology","Maturity at age for the 2026 bigeye tuna assessment. Curves show the proportion mature by age class for selected assessment models.",FALSE,"png,pdf","","","",TRUE,"auto"
"figure:natural-mortality-at-age","figure","natural-mortality-at-age","Natural mortality at age","Population Biology","Natural mortality at age for the 2026 bigeye tuna assessment. Curves show the assumed or estimated natural mortality schedule by age class for selected assessment models.",FALSE,"png,pdf","","","",TRUE,"auto"
"figure:population-biology","figure","population-biology","Stock-recruitment relationship","Population Biology","Stock-recruitment relationship for the 2026 bigeye tuna assessment. Points or lines show annual recruitment against adult biomass or spawning biomass; facets and legends identify selected assessment models.",FALSE,"png,pdf","","","",TRUE,"auto"
"figure:region-map","figure","region-map","Region map","Region Map","Region map for the 2026 bigeye tuna assessment. The figure uses the labels, colours, facets, and legends shown in the plot to identify scenarios, fisheries, regions, years, or diagnostics selected in mfclshiny. It is generated from the Region Map view.",FALSE,"png,pdf","","","",TRUE,"auto"
"figure:retrospective-diagnostics","figure","retrospective-diagnostics","Retrospective diagnostics","Retro","Retrospective diagnostics for the 2026 bigeye tuna assessment. Lines compare depletion and spawning-potential estimates from peel runs against the reference model.",TRUE,"png,pdf","","","",FALSE,"exclude"
"figure:selftest-parameter-recovery","figure","selftest-parameter-recovery","Self-test parameter recovery","Self-Test","Self-test parameter-recovery diagnostic for the 2026 bigeye tuna assessment. Boxplots summarize recovery error across selected self-test refits and parameter groups.",FALSE,"png,pdf","","","",TRUE,"auto"
"figure:selftest-recovery","figure","selftest-recovery","Self-test recovery","Self-Test","Self-test recovery diagnostic for the 2026 bigeye tuna assessment. Lines, intervals, and panels compare refit estimates against pseudo-data truth values for selected self-test scenarios.",FALSE,"png,pdf","","","",TRUE,"auto"
"figure:selftest-simulation","figure","selftest-simulation","Self-test simulation","Self-Test","Self-test simulation diagnostic for the 2026 bigeye tuna assessment. Panels compare observed and pseudo-data simulated components for selected self-test scenarios.",FALSE,"png,pdf","","","",TRUE,"auto"
"figure:tag-recapture-pressure-by-fishery","figure","tag-recapture-pressure-by-fishery","Observed/expected recapture pressure by fishery","Tagging Dynamics","Observed-to-expected recapture pressure for the 2026 bigeye tuna assessment. Colours show the log-scaled ratio of observed to expected recaptures across release and recapture strata, highlighting areas with stronger or weaker recapture pressure.",TRUE,"png,pdf","","","",FALSE,"exclude"
"figure:tag-recapture-pressure","figure","tag-recapture-pressure","Observed/expected recapture pressure by region","Tagging Dynamics","Observed-to-expected recapture pressure for the 2026 bigeye tuna assessment. Colours show the log-scaled ratio of observed to expected recaptures across release and recapture strata, highlighting areas with stronger or weaker recapture pressure.",TRUE,"png,pdf","","","",FALSE,"exclude"
"figure:tag-attrition-all","figure","tag-attrition-all","Tag attrition","Tagging Dynamics","Tag attrition through time for the 2026 bigeye tuna assessment, with all recapture fisheries combined. Lines summarize the decline in available tag cohorts through time for selected assessment models.",FALSE,"png,pdf","","","",TRUE,"auto"
"figure:tag-attrition-by-program","figure","tag-attrition-by-program","Tag attrition by program","Tagging Dynamics","Tag attrition through time by tagging program for the 2026 bigeye tuna assessment. Panels or colours identify tag programs and selected assessment models.",FALSE,"png,pdf","","","",TRUE,"auto"
"figure:tag-attrition-by-region","figure","tag-attrition-by-region","Tag attrition by recapture region","Tagging Dynamics","Tag attrition through time by recapture region for the 2026 bigeye tuna assessment. Panels or colours identify regions and selected assessment models.",FALSE,"png,pdf","","","",TRUE,"auto"
"figure:tagging-dynamics","figure","tagging-dynamics","Tag reporting rates","Tagging Dynamics","Estimated tag reporting rates for the 2026 bigeye tuna assessment. Distributions or intervals summarize reporting-rate estimates by tag reporting group; colours and facets identify selected assessment models or grouping variables.",FALSE,"png,pdf","","","",TRUE,"auto"
"figure:tag-returns-by-group","figure","tag-returns-by-group","Tag returns by recapture group","Tagging Dynamics","Observed tag returns over time by recapture group for the 2026 bigeye tuna assessment. Panels or colours identify recapture groups and selected assessment models.",FALSE,"png,pdf","","","",TRUE,"auto"
"figure:tag-returns-all","figure","tag-returns-all","Tag returns over time","Tagging Dynamics","Observed tag returns over time for the 2026 bigeye tuna assessment, with all recapture fisheries combined. Lines and facets identify selected assessment models and the temporal pattern of total tag returns.",FALSE,"png,pdf","","","",TRUE,"auto"
"figure:weight-frequency","figure","weight-frequency","Weight-frequency fits","Weight Frequency","Observed and fitted weight-frequency samples for the 2026 bigeye tuna assessment. Bars show observed sample counts and fitted overlays show model predictions; panels identify selected fisheries and years, and colours, line styles, or legends identify assessment models.",FALSE,"png,pdf","","","",TRUE,"auto"
"figure:weight-frequency-residuals","figure","weight-frequency-residuals","Weight-frequency residuals","Weight Frequency","Weight-frequency bubble residuals for the 2026 bigeye tuna assessment. Bubble size and sign show observed-minus-fitted residual structure by weight bin, fishery, and year for the selected assessment models.",FALSE,"png,pdf","","","",TRUE,"auto"
"table:parameter-bound-hit-detail","table","parameter-bound-hit-detail","Parameter bound hit detail","Diagnostics","Detailed list of estimated parameters that hit their lower or upper bounds in the 2026 bigeye tuna assessment. The table includes parameter names, estimates, bound values, and movement or selectivity context where it can be inferred.",FALSE,"csv","","","",TRUE,"auto"
"table:parameter-bound-hit-summary","table","parameter-bound-hit-summary","Parameter bound hit summary","Diagnostics","Summary of estimated parameters at their lower or upper bounds for the 2026 bigeye tuna assessment. Counts are reported by model, with separate totals for lower-bound hits, upper-bound hits, and movement-related parameters.",FALSE,"csv","","","",TRUE,"auto"
"table:fishery-names","table","fishery-names","Fishery names","Fishery names","Fishery definitions used by the 2026 bigeye tuna assessment, including fishery number, descriptive fishery name, region, selectivity group, and tag recapture group assignment where available.",FALSE,"csv","","","",TRUE,"auto"
"table:tag-reporting-groups","table","tag-reporting-groups","Tag reporting groups","Fishery names","Tag reporting group labels used by the 2026 bigeye tuna assessment. These labels document the reporting-rate groups used to interpret tag recapture and reporting-rate diagnostics.",FALSE,"csv","","","",TRUE,"auto"
